<?xml version="1.0" encoding="UTF-8"?>

<Bundle xmlns="http://hl7.org/fhir">
  <id value="188888ef-9b55-49a4-9cbe-1d776196041e"/>
  <meta>
    <lastUpdated value="2025-07-07T23:34:20.878-04:00"/>
  </meta>
  <type value="collection"/>
  <entry>
    <fullUrl value="http://ontario.ca/fhir/eforms/ValueSet/business-status"/>
    <resource>
      <ValueSet>
        <text>
          <status value="generated"/>
          <div xmlns="http://www.w3.org/1999/xhtml">
            <p class="res-header-id"/>
            <p style="border: black 1px dotted; background-color: #EEEEEE; padding: 8px; margin-bottom: 8px">Expansion performed internally based on 
              <a href="CodeSystem-business-status-cs.html">codesystem eForms Business Status CodeSystem v0.1.0 (CodeSystem)</a>
            </p>
            <p>This value set contains 7 concepts</p>
            <table class="codes">
              <tr>
                <td style="white-space:nowrap">
                  <b>Code</b>
                </td>
                <td>
                  <b>System</b>
                </td>
                <td>
                  <b>Display (en-US)</b>
                </td>
                <td>
                  <b>Definition</b>
                </td>
              </tr>
              <tr>
                <td style="white-space:nowrap">
                  <a name="x-http://ontario.ca/fhir/eforms/CodeSystem/business-status-draft"> </a>  
                  <a href="CodeSystem-business-status-cs.html#business-status-cs-draft">draft</a>
                </td>
                <td>http://ontario.ca/fhir/eforms/CodeSystem/business-status</td>
                <td>Draft</td>
                <td>The form is being prepared and is not yet submitted.</td>
              </tr>
              <tr>
                <td style="white-space:nowrap">
                  <a name="x-http://ontario.ca/fhir/eforms/CodeSystem/business-status-submitted"> </a>  
                  <a href="CodeSystem-business-status-cs.html#business-status-cs-submitted">submitted</a>
                </td>
                <td>http://ontario.ca/fhir/eforms/CodeSystem/business-status</td>
                <td>Submitted</td>
                <td>The form package has been delivered for processing.</td>
              </tr>
              <tr>
                <td style="white-space:nowrap">
                  <a name="x-http://ontario.ca/fhir/eforms/CodeSystem/business-status-request-info"> </a>  
                  <a href="CodeSystem-business-status-cs.html#business-status-cs-request-info">request-info</a>
                </td>
                <td>http://ontario.ca/fhir/eforms/CodeSystem/business-status</td>
                <td>Request for Information</td>
                <td>Additional data has been requested.</td>
              </tr>
              <tr>
                <td style="white-space:nowrap">
                  <a name="x-http://ontario.ca/fhir/eforms/CodeSystem/business-status-processed"> </a>  
                  <a href="CodeSystem-business-status-cs.html#business-status-cs-processed">processed</a>
                </td>
                <td>http://ontario.ca/fhir/eforms/CodeSystem/business-status</td>
                <td>Processed</td>
                <td>The submission has been accepted and processed.</td>
              </tr>
              <tr>
                <td style="white-space:nowrap">
                  <a name="x-http://ontario.ca/fhir/eforms/CodeSystem/business-status-completed"> </a>  
                  <a href="CodeSystem-business-status-cs.html#business-status-cs-completed">completed</a>
                </td>
                <td>http://ontario.ca/fhir/eforms/CodeSystem/business-status</td>
                <td>Completed</td>
                <td>All steps are finished; no further action required.</td>
              </tr>
              <tr>
                <td style="white-space:nowrap">
                  <a name="x-http://ontario.ca/fhir/eforms/CodeSystem/business-status-revoked"> </a>  
                  <a href="CodeSystem-business-status-cs.html#business-status-cs-revoked">revoked</a>
                </td>
                <td>http://ontario.ca/fhir/eforms/CodeSystem/business-status</td>
                <td>Revoked</td>
                <td>The request has been cancelled or withdrawn.</td>
              </tr>
              <tr>
                <td style="white-space:nowrap">
                  <a name="x-http://ontario.ca/fhir/eforms/CodeSystem/business-status-error"> </a>  
                  <a href="CodeSystem-business-status-cs.html#business-status-cs-error">error</a>
                </td>
                <td>http://ontario.ca/fhir/eforms/CodeSystem/business-status</td>
                <td>Error</td>
                <td>Processing failed or an unrecoverable error occurred.</td>
              </tr>
            </table>
          </div>
        </text>
        <url value="http://ontario.ca/fhir/eforms/ValueSet/business-status"/>
        <version value="0.1.0"/>
        <name value="EFormsBusinessStatusVS"/>
        <title value="eForms Business Status ValueSet"/>
        <status value="active"/>
        <date value="2025-07-07T23:32:55-04:00"/>
        <jurisdiction>
          <coding>
            <system value="urn:iso:std:iso:3166:-2"/>
            <code value="CA-ON"/>
            <display value="Ontario"/>
          </coding>
        </jurisdiction>
        <expansion>
          <identifier value="urn:uuid:9d41eb01-2a15-4176-bbdd-ca98530fe961"/>
          <timestamp value="2025-07-07T23:35:09-04:00"/>
          <total value="7"/>
          <offset value="0"/>
          <parameter>
            <name value="displayLanguage"/>
            <valueCode value="en-US"/>
          </parameter>
          <parameter>
            <name value="count"/>
            <valueInteger value="1000"/>
          </parameter>
          <parameter>
            <name value="offset"/>
            <valueInteger value="0"/>
          </parameter>
          <parameter>
            <name value="excludeNested"/>
            <valueBoolean value="false"/>
          </parameter>
          <parameter>
            <name value="used-codesystem"/>
            <valueUri value="http://ontario.ca/fhir/eforms/CodeSystem/business-status|0.1.0"/>
          </parameter>
          <contains>
            <system value="http://ontario.ca/fhir/eforms/CodeSystem/business-status"/>
            <code value="draft"/>
            <display value="Draft"/>
          </contains>
          <contains>
            <system value="http://ontario.ca/fhir/eforms/CodeSystem/business-status"/>
            <code value="submitted"/>
            <display value="Submitted"/>
          </contains>
          <contains>
            <system value="http://ontario.ca/fhir/eforms/CodeSystem/business-status"/>
            <code value="request-info"/>
            <display value="Request for Information"/>
          </contains>
          <contains>
            <system value="http://ontario.ca/fhir/eforms/CodeSystem/business-status"/>
            <code value="processed"/>
            <display value="Processed"/>
          </contains>
          <contains>
            <system value="http://ontario.ca/fhir/eforms/CodeSystem/business-status"/>
            <code value="completed"/>
            <display value="Completed"/>
          </contains>
          <contains>
            <system value="http://ontario.ca/fhir/eforms/CodeSystem/business-status"/>
            <code value="revoked"/>
            <display value="Revoked"/>
          </contains>
          <contains>
            <system value="http://ontario.ca/fhir/eforms/CodeSystem/business-status"/>
            <code value="error"/>
            <display value="Error"/>
          </contains>
        </expansion>
      </ValueSet>
    </resource>
  </entry>
  <entry>
    <fullUrl value="http://ontario.ca/fhir/eforms/ValueSet/task-code"/>
    <resource>
      <ValueSet>
        <text>
          <status value="generated"/>
          <div xmlns="http://www.w3.org/1999/xhtml">
            <p class="res-header-id"/>
            <div style="border: black 1px dotted; background-color: #EEEEEE; padding: 8px; margin-bottom: 8px">
              <p>Expansion performed internally based on:</p>
              <ul>
                <li>
                  <a href="http://hl7.org/fhir/R4/codesystem-task-code.html">codesystem Task Codes v4.0.1 (CodeSystem)</a>
                </li>
                <li>
                  <a href="http://hl7.org/fhir/uv/sdc/2025Jan/CodeSystem-temp.html">codesystem Temporary SDC Codes v4.0.0-ballot (CodeSystem)</a>
                </li>
                <li>
                  <a href="CodeSystem-task-code.html">codesystem OH eForms Task Code System v0.1.0 (CodeSystem)</a>
                </li>
              </ul>
            </div>
            <p>This value set contains 13 concepts</p>
            <table class="codes">
              <tr>
                <td style="white-space:nowrap">
                  <b>Code</b>
                </td>
                <td>
                  <b>System</b>
                </td>
                <td>
                  <b>Display (en-US)</b>
                </td>
                <td>
                  <b>Definition</b>
                </td>
              </tr>
              <tr>
                <td style="white-space:nowrap">
                  <a name="x-http://hl7.org/fhir/CodeSystem/task-code-approve"> </a>  
                  <a href="http://hl7.org/fhir/R4/codesystem-task-code.html#task-code-approve">approve</a>
                </td>
                <td>http://hl7.org/fhir/CodeSystem/task-code</td>
                <td>Activate/approve the focal resource</td>
                <td>Take what actions are needed to transition the focus resource from 'draft' to 'active' or 'in-progress', as appropriate for the resource type.  This may involve additing additional content, approval, validation, etc.</td>
              </tr>
              <tr>
                <td style="white-space:nowrap">
                  <a name="x-http://hl7.org/fhir/CodeSystem/task-code-fulfill"> </a>  
                  <a href="http://hl7.org/fhir/R4/codesystem-task-code.html#task-code-fulfill">fulfill</a>
                </td>
                <td>http://hl7.org/fhir/CodeSystem/task-code</td>
                <td>Fulfill the focal request</td>
                <td>Act to perform the actions defined in the focus request.  This might result in a 'more assertive' request (order for a plan or proposal, filler order for a placer order), but is intend to eventually result in events.  The degree of fulfillment requested might be limited by Task.restriction.</td>
              </tr>
              <tr>
                <td style="white-space:nowrap">
                  <a name="x-http://hl7.org/fhir/CodeSystem/task-code-abort"> </a>  
                  <a href="http://hl7.org/fhir/R4/codesystem-task-code.html#task-code-abort">abort</a>
                </td>
                <td>http://hl7.org/fhir/CodeSystem/task-code</td>
                <td>Mark the focal resource as no longer active</td>
                <td>Abort, cancel or withdraw the focal resource, as appropriate for the type of resource.</td>
              </tr>
              <tr>
                <td style="white-space:nowrap">
                  <a name="x-http://hl7.org/fhir/CodeSystem/task-code-replace"> </a>  
                  <a href="http://hl7.org/fhir/R4/codesystem-task-code.html#task-code-replace">replace</a>
                </td>
                <td>http://hl7.org/fhir/CodeSystem/task-code</td>
                <td>Replace the focal resource with the input resource</td>
                <td>Replace the focal resource with the specified input resource</td>
              </tr>
              <tr>
                <td style="white-space:nowrap">
                  <a name="x-http://hl7.org/fhir/CodeSystem/task-code-change"> </a>  
                  <a href="http://hl7.org/fhir/R4/codesystem-task-code.html#task-code-change">change</a>
                </td>
                <td>http://hl7.org/fhir/CodeSystem/task-code</td>
                <td>Change the focal resource</td>
                <td>Update the focal resource of the owning system to reflect the content specified as the Task.focus</td>
              </tr>
              <tr>
                <td style="white-space:nowrap">
                  <a name="x-http://hl7.org/fhir/CodeSystem/task-code-suspend"> </a>  
                  <a href="http://hl7.org/fhir/R4/codesystem-task-code.html#task-code-suspend">suspend</a>
                </td>
                <td>http://hl7.org/fhir/CodeSystem/task-code</td>
                <td>Suspend the focal resource</td>
                <td>Transition the focal resource from 'active' or 'in-progress' to 'suspended'</td>
              </tr>
              <tr>
                <td style="white-space:nowrap">
                  <a name="x-http://hl7.org/fhir/CodeSystem/task-code-resume"> </a>  
                  <a href="http://hl7.org/fhir/R4/codesystem-task-code.html#task-code-resume">resume</a>
                </td>
                <td>http://hl7.org/fhir/CodeSystem/task-code</td>
                <td>Re-activate the focal resource</td>
                <td>Transition the focal resource from 'suspended' to 'active' or 'in-progress' as appropriate for the resource type.</td>
              </tr>
              <tr>
                <td style="white-space:nowrap">
                  <a name="x-http://hl7.org/fhir/uv/sdc/CodeSystem/temp-complete-questionnaire"> </a>  
                  <a href="http://hl7.org/fhir/uv/sdc/2025Jan/CodeSystem-temp.html#temp-complete-questionnaire">complete-questionnaire</a>
                </td>
                <td>http://hl7.org/fhir/uv/sdc/CodeSystem/temp</td>
                <td>Complete Questionnaire</td>
                <td>Code indicating a request to complete the a questionnaire - e.g. by Task or ServiceRequest</td>
              </tr>
              <tr>
                <td style="white-space:nowrap">
                  <a name="x-http://hl7.org/fhir/uv/sdc/CodeSystem/temp-questionnaire"> </a>  
                  <a href="http://hl7.org/fhir/uv/sdc/2025Jan/CodeSystem-temp.html#temp-questionnaire">questionnaire</a>
                </td>
                <td>http://hl7.org/fhir/uv/sdc/CodeSystem/temp</td>
                <td>Questionnaire</td>
                <td>A canonical reference (possibly version-specific) to the Questionnaire to be completed</td>
              </tr>
              <tr>
                <td style="white-space:nowrap">
                  <a name="x-http://hl7.org/fhir/uv/sdc/CodeSystem/temp-questionnaire-response"> </a>  
                  <a href="http://hl7.org/fhir/uv/sdc/2025Jan/CodeSystem-temp.html#temp-questionnaire-response">questionnaire-response</a>
                </td>
                <td>http://hl7.org/fhir/uv/sdc/CodeSystem/temp</td>
                <td>Questionnaire Response</td>
                <td>A reference to the QuestionnaireResponse resulting from the requested action</td>
              </tr>
              <tr>
                <td style="white-space:nowrap">
                  <a name="x-http://hl7.org/fhir/uv/sdc/CodeSystem/temp-response-endpoint"> </a>  
                  <a href="http://hl7.org/fhir/uv/sdc/2025Jan/CodeSystem-temp.html#temp-response-endpoint">response-endpoint</a>
                </td>
                <td>http://hl7.org/fhir/uv/sdc/CodeSystem/temp</td>
                <td>Response Endpoint</td>
                <td>Identifies the base URL for FHIR servers to which the Questionnaire resulting from the Task should be POSTed</td>
              </tr>
              <tr>
                <td style="white-space:nowrap">
                  <a name="x-http://ontario.ca/fhir/eforms/CodeSystem/task-code-complete-section"> </a>  
                  <a href="CodeSystem-task-code.html#task-code-complete-section">complete-section</a>
                </td>
                <td>http://ontario.ca/fhir/eforms/CodeSystem/task-code</td>
                <td>Complete Questionnaire Response Section</td>
                <td/>
              </tr>
              <tr>
                <td style="white-space:nowrap">
                  <a name="x-http://ontario.ca/fhir/eforms/CodeSystem/task-code-amend-section"> </a>  
                  <a href="CodeSystem-task-code.html#task-code-amend-section">amend-section</a>
                </td>
                <td>http://ontario.ca/fhir/eforms/CodeSystem/task-code</td>
                <td>Amend Questionnaire Response Section</td>
                <td/>
              </tr>
            </table>
          </div>
        </text>
        <url value="http://ontario.ca/fhir/eforms/ValueSet/task-code"/>
        <version value="0.1.0"/>
        <name value="EFormsTaskCodeVS"/>
        <title value="OH eForms Task Code ValueSet"/>
        <status value="active"/>
        <date value="2025-07-07T23:32:55-04:00"/>
        <jurisdiction>
          <coding>
            <system value="urn:iso:std:iso:3166:-2"/>
            <code value="CA-ON"/>
            <display value="Ontario"/>
          </coding>
        </jurisdiction>
        <expansion>
          <identifier value="urn:uuid:343904fd-64d8-477d-9725-86db9c2a20bb"/>
          <timestamp value="2025-07-07T23:35:09-04:00"/>
          <total value="13"/>
          <offset value="0"/>
          <parameter>
            <name value="displayLanguage"/>
            <valueCode value="en-US"/>
          </parameter>
          <parameter>
            <name value="count"/>
            <valueInteger value="1000"/>
          </parameter>
          <parameter>
            <name value="offset"/>
            <valueInteger value="0"/>
          </parameter>
          <parameter>
            <name value="excludeNested"/>
            <valueBoolean value="false"/>
          </parameter>
          <parameter>
            <name value="warning-draft"/>
            <valueUri value="http://hl7.org/fhir/CodeSystem/task-code|4.0.1"/>
          </parameter>
          <parameter>
            <name value="used-codesystem"/>
            <valueUri value="http://hl7.org/fhir/CodeSystem/task-code|4.0.1"/>
          </parameter>
          <parameter>
            <name value="used-codesystem"/>
            <valueUri value="http://hl7.org/fhir/uv/sdc/CodeSystem/temp|4.0.0-ballot"/>
          </parameter>
          <parameter>
            <name value="used-codesystem"/>
            <valueUri value="http://ontario.ca/fhir/eforms/CodeSystem/task-code|0.1.0"/>
          </parameter>
          <contains>
            <system value="http://hl7.org/fhir/CodeSystem/task-code"/>
            <code value="approve"/>
            <display value="Activate/approve the focal resource"/>
          </contains>
          <contains>
            <system value="http://hl7.org/fhir/CodeSystem/task-code"/>
            <code value="fulfill"/>
            <display value="Fulfill the focal request"/>
          </contains>
          <contains>
            <system value="http://hl7.org/fhir/CodeSystem/task-code"/>
            <code value="abort"/>
            <display value="Mark the focal resource as no longer active"/>
          </contains>
          <contains>
            <system value="http://hl7.org/fhir/CodeSystem/task-code"/>
            <code value="replace"/>
            <display value="Replace the focal resource with the input resource"/>
          </contains>
          <contains>
            <system value="http://hl7.org/fhir/CodeSystem/task-code"/>
            <code value="change"/>
            <display value="Change the focal resource"/>
          </contains>
          <contains>
            <system value="http://hl7.org/fhir/CodeSystem/task-code"/>
            <code value="suspend"/>
            <display value="Suspend the focal resource"/>
          </contains>
          <contains>
            <system value="http://hl7.org/fhir/CodeSystem/task-code"/>
            <code value="resume"/>
            <display value="Re-activate the focal resource"/>
          </contains>
          <contains>
            <system value="http://hl7.org/fhir/uv/sdc/CodeSystem/temp"/>
            <code value="complete-questionnaire"/>
            <display value="Complete Questionnaire"/>
          </contains>
          <contains>
            <system value="http://hl7.org/fhir/uv/sdc/CodeSystem/temp"/>
            <code value="questionnaire"/>
            <display value="Questionnaire"/>
          </contains>
          <contains>
            <system value="http://hl7.org/fhir/uv/sdc/CodeSystem/temp"/>
            <code value="questionnaire-response"/>
            <display value="Questionnaire Response"/>
          </contains>
          <contains>
            <system value="http://hl7.org/fhir/uv/sdc/CodeSystem/temp"/>
            <code value="response-endpoint"/>
            <display value="Response Endpoint"/>
          </contains>
          <contains>
            <system value="http://ontario.ca/fhir/eforms/CodeSystem/task-code"/>
            <code value="complete-section"/>
            <display value="Complete Questionnaire Response Section"/>
          </contains>
          <contains>
            <system value="http://ontario.ca/fhir/eforms/CodeSystem/task-code"/>
            <code value="amend-section"/>
            <display value="Amend Questionnaire Response Section"/>
          </contains>
        </expansion>
      </ValueSet>
    </resource>
  </entry>
</Bundle>