{
  "resourceType" : "Bundle",
  "id" : "188888ef-9b55-49a4-9cbe-1d776196041e",
  "meta" : {
    "lastUpdated" : "2025-07-07T23:34:20.878-04:00"
  },
  "type" : "collection",
  "entry" : [{
    "fullUrl" : "http://ontario.ca/fhir/eforms/ValueSet/business-status",
    "resource" : {
      "resourceType" : "ValueSet",
      "text" : {
        "status" : "generated",
        "div" : "<div xmlns=\"http://www.w3.org/1999/xhtml\"><p class=\"res-header-id\"/><p style=\"border: black 1px dotted; background-color: #EEEEEE; padding: 8px; margin-bottom: 8px\">Expansion performed internally based on <a href=\"CodeSystem-business-status-cs.html\">codesystem eForms Business Status CodeSystem v0.1.0 (CodeSystem)</a></p><p>This value set contains 7 concepts</p><table class=\"codes\"><tr><td style=\"white-space:nowrap\"><b>Code</b></td><td><b>System</b></td><td><b>Display (en-US)</b></td><td><b>Definition</b></td></tr><tr><td style=\"white-space:nowrap\"><a name=\"x-http://ontario.ca/fhir/eforms/CodeSystem/business-status-draft\"> </a>\u00a0\u00a0<a href=\"CodeSystem-business-status-cs.html#business-status-cs-draft\">draft</a></td><td>http://ontario.ca/fhir/eforms/CodeSystem/business-status</td><td>Draft</td><td>The form is being prepared and is not yet submitted.</td></tr><tr><td style=\"white-space:nowrap\"><a name=\"x-http://ontario.ca/fhir/eforms/CodeSystem/business-status-submitted\"> </a>\u00a0\u00a0<a href=\"CodeSystem-business-status-cs.html#business-status-cs-submitted\">submitted</a></td><td>http://ontario.ca/fhir/eforms/CodeSystem/business-status</td><td>Submitted</td><td>The form package has been delivered for processing.</td></tr><tr><td style=\"white-space:nowrap\"><a name=\"x-http://ontario.ca/fhir/eforms/CodeSystem/business-status-request-info\"> </a>\u00a0\u00a0<a href=\"CodeSystem-business-status-cs.html#business-status-cs-request-info\">request-info</a></td><td>http://ontario.ca/fhir/eforms/CodeSystem/business-status</td><td>Request for Information</td><td>Additional data has been requested.</td></tr><tr><td style=\"white-space:nowrap\"><a name=\"x-http://ontario.ca/fhir/eforms/CodeSystem/business-status-processed\"> </a>\u00a0\u00a0<a href=\"CodeSystem-business-status-cs.html#business-status-cs-processed\">processed</a></td><td>http://ontario.ca/fhir/eforms/CodeSystem/business-status</td><td>Processed</td><td>The submission has been accepted and processed.</td></tr><tr><td style=\"white-space:nowrap\"><a name=\"x-http://ontario.ca/fhir/eforms/CodeSystem/business-status-completed\"> </a>\u00a0\u00a0<a href=\"CodeSystem-business-status-cs.html#business-status-cs-completed\">completed</a></td><td>http://ontario.ca/fhir/eforms/CodeSystem/business-status</td><td>Completed</td><td>All steps are finished; no further action required.</td></tr><tr><td style=\"white-space:nowrap\"><a name=\"x-http://ontario.ca/fhir/eforms/CodeSystem/business-status-revoked\"> </a>\u00a0\u00a0<a href=\"CodeSystem-business-status-cs.html#business-status-cs-revoked\">revoked</a></td><td>http://ontario.ca/fhir/eforms/CodeSystem/business-status</td><td>Revoked</td><td>The request has been cancelled or withdrawn.</td></tr><tr><td style=\"white-space:nowrap\"><a name=\"x-http://ontario.ca/fhir/eforms/CodeSystem/business-status-error\"> </a>\u00a0\u00a0<a href=\"CodeSystem-business-status-cs.html#business-status-cs-error\">error</a></td><td>http://ontario.ca/fhir/eforms/CodeSystem/business-status</td><td>Error</td><td>Processing failed or an unrecoverable error occurred.</td></tr></table></div>"
      },
      "url" : "http://ontario.ca/fhir/eforms/ValueSet/business-status",
      "version" : "0.1.0",
      "name" : "EFormsBusinessStatusVS",
      "title" : "eForms Business Status ValueSet",
      "status" : "active",
      "date" : "2025-07-07T23:32:55-04:00",
      "jurisdiction" : [{
        "coding" : [{
          "system" : "urn:iso:std:iso:3166:-2",
          "code" : "CA-ON",
          "display" : "Ontario"
        }]
      }],
      "expansion" : {
        "identifier" : "urn:uuid:9d41eb01-2a15-4176-bbdd-ca98530fe961",
        "timestamp" : "2025-07-07T23:35:09-04:00",
        "total" : 7,
        "offset" : 0,
        "parameter" : [{
          "name" : "displayLanguage",
          "valueCode" : "en-US"
        },
        {
          "name" : "count",
          "valueInteger" : 1000
        },
        {
          "name" : "offset",
          "valueInteger" : 0
        },
        {
          "name" : "excludeNested",
          "valueBoolean" : false
        },
        {
          "name" : "used-codesystem",
          "valueUri" : "http://ontario.ca/fhir/eforms/CodeSystem/business-status|0.1.0"
        }],
        "contains" : [{
          "system" : "http://ontario.ca/fhir/eforms/CodeSystem/business-status",
          "code" : "draft",
          "display" : "Draft"
        },
        {
          "system" : "http://ontario.ca/fhir/eforms/CodeSystem/business-status",
          "code" : "submitted",
          "display" : "Submitted"
        },
        {
          "system" : "http://ontario.ca/fhir/eforms/CodeSystem/business-status",
          "code" : "request-info",
          "display" : "Request for Information"
        },
        {
          "system" : "http://ontario.ca/fhir/eforms/CodeSystem/business-status",
          "code" : "processed",
          "display" : "Processed"
        },
        {
          "system" : "http://ontario.ca/fhir/eforms/CodeSystem/business-status",
          "code" : "completed",
          "display" : "Completed"
        },
        {
          "system" : "http://ontario.ca/fhir/eforms/CodeSystem/business-status",
          "code" : "revoked",
          "display" : "Revoked"
        },
        {
          "system" : "http://ontario.ca/fhir/eforms/CodeSystem/business-status",
          "code" : "error",
          "display" : "Error"
        }]
      }
    }
  },
  {
    "fullUrl" : "http://ontario.ca/fhir/eforms/ValueSet/task-code",
    "resource" : {
      "resourceType" : "ValueSet",
      "text" : {
        "status" : "generated",
        "div" : "<div xmlns=\"http://www.w3.org/1999/xhtml\"><p class=\"res-header-id\"/><div style=\"border: black 1px dotted; background-color: #EEEEEE; padding: 8px; margin-bottom: 8px\"><p>Expansion performed internally based on:</p><ul><li><a href=\"http://hl7.org/fhir/R4/codesystem-task-code.html\">codesystem Task Codes v4.0.1 (CodeSystem)</a></li><li><a href=\"http://hl7.org/fhir/uv/sdc/2025Jan/CodeSystem-temp.html\">codesystem Temporary SDC Codes v4.0.0-ballot (CodeSystem)</a></li><li><a href=\"CodeSystem-task-code.html\">codesystem OH eForms Task Code System v0.1.0 (CodeSystem)</a></li></ul></div><p>This value set contains 13 concepts</p><table class=\"codes\"><tr><td style=\"white-space:nowrap\"><b>Code</b></td><td><b>System</b></td><td><b>Display (en-US)</b></td><td><b>Definition</b></td></tr><tr><td style=\"white-space:nowrap\"><a name=\"x-http://hl7.org/fhir/CodeSystem/task-code-approve\"> </a>\u00a0\u00a0<a href=\"http://hl7.org/fhir/R4/codesystem-task-code.html#task-code-approve\">approve</a></td><td>http://hl7.org/fhir/CodeSystem/task-code</td><td>Activate/approve the focal resource</td><td>Take what actions are needed to transition the focus resource from 'draft' to 'active' or 'in-progress', as appropriate for the resource type.  This may involve additing additional content, approval, validation, etc.</td></tr><tr><td style=\"white-space:nowrap\"><a name=\"x-http://hl7.org/fhir/CodeSystem/task-code-fulfill\"> </a>\u00a0\u00a0<a href=\"http://hl7.org/fhir/R4/codesystem-task-code.html#task-code-fulfill\">fulfill</a></td><td>http://hl7.org/fhir/CodeSystem/task-code</td><td>Fulfill the focal request</td><td>Act to perform the actions defined in the focus request.  This might result in a 'more assertive' request (order for a plan or proposal, filler order for a placer order), but is intend to eventually result in events.  The degree of fulfillment requested might be limited by Task.restriction.</td></tr><tr><td style=\"white-space:nowrap\"><a name=\"x-http://hl7.org/fhir/CodeSystem/task-code-abort\"> </a>\u00a0\u00a0<a href=\"http://hl7.org/fhir/R4/codesystem-task-code.html#task-code-abort\">abort</a></td><td>http://hl7.org/fhir/CodeSystem/task-code</td><td>Mark the focal resource as no longer active</td><td>Abort, cancel or withdraw the focal resource, as appropriate for the type of resource.</td></tr><tr><td style=\"white-space:nowrap\"><a name=\"x-http://hl7.org/fhir/CodeSystem/task-code-replace\"> </a>\u00a0\u00a0<a href=\"http://hl7.org/fhir/R4/codesystem-task-code.html#task-code-replace\">replace</a></td><td>http://hl7.org/fhir/CodeSystem/task-code</td><td>Replace the focal resource with the input resource</td><td>Replace the focal resource with the specified input resource</td></tr><tr><td style=\"white-space:nowrap\"><a name=\"x-http://hl7.org/fhir/CodeSystem/task-code-change\"> </a>\u00a0\u00a0<a href=\"http://hl7.org/fhir/R4/codesystem-task-code.html#task-code-change\">change</a></td><td>http://hl7.org/fhir/CodeSystem/task-code</td><td>Change the focal resource</td><td>Update the focal resource of the owning system to reflect the content specified as the Task.focus</td></tr><tr><td style=\"white-space:nowrap\"><a name=\"x-http://hl7.org/fhir/CodeSystem/task-code-suspend\"> </a>\u00a0\u00a0<a href=\"http://hl7.org/fhir/R4/codesystem-task-code.html#task-code-suspend\">suspend</a></td><td>http://hl7.org/fhir/CodeSystem/task-code</td><td>Suspend the focal resource</td><td>Transition the focal resource from 'active' or 'in-progress' to 'suspended'</td></tr><tr><td style=\"white-space:nowrap\"><a name=\"x-http://hl7.org/fhir/CodeSystem/task-code-resume\"> </a>\u00a0\u00a0<a href=\"http://hl7.org/fhir/R4/codesystem-task-code.html#task-code-resume\">resume</a></td><td>http://hl7.org/fhir/CodeSystem/task-code</td><td>Re-activate the focal resource</td><td>Transition the focal resource from 'suspended' to 'active' or 'in-progress' as appropriate for the resource type.</td></tr><tr><td style=\"white-space:nowrap\"><a name=\"x-http://hl7.org/fhir/uv/sdc/CodeSystem/temp-complete-questionnaire\"> </a>\u00a0\u00a0<a href=\"http://hl7.org/fhir/uv/sdc/2025Jan/CodeSystem-temp.html#temp-complete-questionnaire\">complete-questionnaire</a></td><td>http://hl7.org/fhir/uv/sdc/CodeSystem/temp</td><td>Complete Questionnaire</td><td>Code indicating a request to complete the a questionnaire - e.g. by Task or ServiceRequest</td></tr><tr><td style=\"white-space:nowrap\"><a name=\"x-http://hl7.org/fhir/uv/sdc/CodeSystem/temp-questionnaire\"> </a>\u00a0\u00a0<a href=\"http://hl7.org/fhir/uv/sdc/2025Jan/CodeSystem-temp.html#temp-questionnaire\">questionnaire</a></td><td>http://hl7.org/fhir/uv/sdc/CodeSystem/temp</td><td>Questionnaire</td><td>A canonical reference (possibly version-specific) to the Questionnaire to be completed</td></tr><tr><td style=\"white-space:nowrap\"><a name=\"x-http://hl7.org/fhir/uv/sdc/CodeSystem/temp-questionnaire-response\"> </a>\u00a0\u00a0<a href=\"http://hl7.org/fhir/uv/sdc/2025Jan/CodeSystem-temp.html#temp-questionnaire-response\">questionnaire-response</a></td><td>http://hl7.org/fhir/uv/sdc/CodeSystem/temp</td><td>Questionnaire Response</td><td>A reference to the QuestionnaireResponse resulting from the requested action</td></tr><tr><td style=\"white-space:nowrap\"><a name=\"x-http://hl7.org/fhir/uv/sdc/CodeSystem/temp-response-endpoint\"> </a>\u00a0\u00a0<a href=\"http://hl7.org/fhir/uv/sdc/2025Jan/CodeSystem-temp.html#temp-response-endpoint\">response-endpoint</a></td><td>http://hl7.org/fhir/uv/sdc/CodeSystem/temp</td><td>Response Endpoint</td><td>Identifies the base URL for FHIR servers to which the Questionnaire resulting from the Task should be POSTed</td></tr><tr><td style=\"white-space:nowrap\"><a name=\"x-http://ontario.ca/fhir/eforms/CodeSystem/task-code-complete-section\"> </a>\u00a0\u00a0<a href=\"CodeSystem-task-code.html#task-code-complete-section\">complete-section</a></td><td>http://ontario.ca/fhir/eforms/CodeSystem/task-code</td><td>Complete Questionnaire Response Section</td><td/></tr><tr><td style=\"white-space:nowrap\"><a name=\"x-http://ontario.ca/fhir/eforms/CodeSystem/task-code-amend-section\"> </a>\u00a0\u00a0<a href=\"CodeSystem-task-code.html#task-code-amend-section\">amend-section</a></td><td>http://ontario.ca/fhir/eforms/CodeSystem/task-code</td><td>Amend Questionnaire Response Section</td><td/></tr></table></div>"
      },
      "url" : "http://ontario.ca/fhir/eforms/ValueSet/task-code",
      "version" : "0.1.0",
      "name" : "EFormsTaskCodeVS",
      "title" : "OH eForms Task Code ValueSet",
      "status" : "active",
      "date" : "2025-07-07T23:32:55-04:00",
      "jurisdiction" : [{
        "coding" : [{
          "system" : "urn:iso:std:iso:3166:-2",
          "code" : "CA-ON",
          "display" : "Ontario"
        }]
      }],
      "expansion" : {
        "identifier" : "urn:uuid:343904fd-64d8-477d-9725-86db9c2a20bb",
        "timestamp" : "2025-07-07T23:35:09-04:00",
        "total" : 13,
        "offset" : 0,
        "parameter" : [{
          "name" : "displayLanguage",
          "valueCode" : "en-US"
        },
        {
          "name" : "count",
          "valueInteger" : 1000
        },
        {
          "name" : "offset",
          "valueInteger" : 0
        },
        {
          "name" : "excludeNested",
          "valueBoolean" : false
        },
        {
          "name" : "warning-draft",
          "valueUri" : "http://hl7.org/fhir/CodeSystem/task-code|4.0.1"
        },
        {
          "name" : "used-codesystem",
          "valueUri" : "http://hl7.org/fhir/CodeSystem/task-code|4.0.1"
        },
        {
          "name" : "used-codesystem",
          "valueUri" : "http://hl7.org/fhir/uv/sdc/CodeSystem/temp|4.0.0-ballot"
        },
        {
          "name" : "used-codesystem",
          "valueUri" : "http://ontario.ca/fhir/eforms/CodeSystem/task-code|0.1.0"
        }],
        "contains" : [{
          "system" : "http://hl7.org/fhir/CodeSystem/task-code",
          "code" : "approve",
          "display" : "Activate/approve the focal resource"
        },
        {
          "system" : "http://hl7.org/fhir/CodeSystem/task-code",
          "code" : "fulfill",
          "display" : "Fulfill the focal request"
        },
        {
          "system" : "http://hl7.org/fhir/CodeSystem/task-code",
          "code" : "abort",
          "display" : "Mark the focal resource as no longer active"
        },
        {
          "system" : "http://hl7.org/fhir/CodeSystem/task-code",
          "code" : "replace",
          "display" : "Replace the focal resource with the input resource"
        },
        {
          "system" : "http://hl7.org/fhir/CodeSystem/task-code",
          "code" : "change",
          "display" : "Change the focal resource"
        },
        {
          "system" : "http://hl7.org/fhir/CodeSystem/task-code",
          "code" : "suspend",
          "display" : "Suspend the focal resource"
        },
        {
          "system" : "http://hl7.org/fhir/CodeSystem/task-code",
          "code" : "resume",
          "display" : "Re-activate the focal resource"
        },
        {
          "system" : "http://hl7.org/fhir/uv/sdc/CodeSystem/temp",
          "code" : "complete-questionnaire",
          "display" : "Complete Questionnaire"
        },
        {
          "system" : "http://hl7.org/fhir/uv/sdc/CodeSystem/temp",
          "code" : "questionnaire",
          "display" : "Questionnaire"
        },
        {
          "system" : "http://hl7.org/fhir/uv/sdc/CodeSystem/temp",
          "code" : "questionnaire-response",
          "display" : "Questionnaire Response"
        },
        {
          "system" : "http://hl7.org/fhir/uv/sdc/CodeSystem/temp",
          "code" : "response-endpoint",
          "display" : "Response Endpoint"
        },
        {
          "system" : "http://ontario.ca/fhir/eforms/CodeSystem/task-code",
          "code" : "complete-section",
          "display" : "Complete Questionnaire Response Section"
        },
        {
          "system" : "http://ontario.ca/fhir/eforms/CodeSystem/task-code",
          "code" : "amend-section",
          "display" : "Amend Questionnaire Response Section"
        }]
      }
    }
  }]
}